ExpdPdxrptgRuins_401_Title;Emergency Repair Succeeds!;;;;;;;;;;;;;x
ExpdPdxrptgRuins_401_Desc;The workers at [ekruins_40_province.GetName] have managed to mitigate the damage already done, allowing excavations to continue as before!;;;;;;;;;;;;;x
ExpdPdxrptgRuins_401_EvtOpt_Excellent;Excellent!;;;;;;;;;;;;;x
ExpdPdxrptgRuins_402_Title;Emergency Repair Fails!;;;;;;;;;;;;;x
ExpdPdxrptgRuins_402_Desc;The workers have failed to resolve the situation at [ekruins_40_province.GetName]! The excavations have been damaged, and they will require a lot of time and effort to repair.;;;;;;;;;;;;;x
ExpdPdxrptgRuins_402_EvtOpt_Curses;Curses!;;;;;;;;;;;;;x