expd_pill_players_notified_of_rule_change_tt;�MAll other players will be notified of this rule change.�!;;;;;;;;;x
ExpdPillNotification_Title;ED: Pillaging - Rule Change;;;;;;;;;x
ExpdPillNotification_Desc_GloballyBlocked;Instant pillaging is now BLOCKED for all characters.;;;;;;;;;x
ExpdPillNotification_Desc_GloballyEnabled;Instant pillaging is now ENABLED for all characters.;;;;;;;;;x
ExpdPillNotification_EvtOpt_Curses;Curses!;;;;;;;;;x
ExpdPillNotification_EvtOpt_Excellent;Excellent!;;;;;;;;;x
ExpdPillNotification_EvtOpt_OK_Unaffected;OK;;;;;;;;;x