expd_rn_refuse_nomination;Refuse all nominations;;;;;;;;;x
expd_rn_refuse_nomination_desc;I do not wish to inherit any foreign titles under any circumstances!;;;;;;;;;x
expd_rn_allow_nomination;Allow nominations;;;;;;;;;x
expd_rn_allow_nomination_desc;I am willing to inherit foreign titles, if anyone is willing to nominate me.;;;;;;;;;x
expd_rn_refuse_nomination_modifier;Refuse all nominations;;;;;;;;;;;;;x
expd_rn_refuse_nomination_modifier_desc;I do not wish to inherit any foreign titles under any circumstances!\n\n(This modifier can be added and removed at will via an intrigue menu decision.);;;;;;;;;;;;;x
expd_rn_candidate_refuses_nomination_tt;Candidate has refused all nominations;;;;;;;;;;;;;x