#
# Duchy merge decisions
#
expd_dm_mallorca;Merge Mallorca into the Kingdom of Sardinia;;;;;;;;;x
expd_dm_mallorca_desc;As the King of Sardinia, we can rightfully claim that all western Mediterranean islands should be part of our kingdom!;;;;;;;;;x
expd_dm_rhodos;Merge Rhodes into the Kingdom of Cyprus;;;;;;;;;x
expd_dm_rhodos_desc;As the King of Cyprus, we can rightfully claim that all eastern Mediterranean islands should be part of our kingdom!;;;;;;;;;x
expd_dm_krete;Merge Krete into the Kingdom of Cyprus;;;;;;;;;x
expd_dm_krete_desc;As the King of Cyprus, we can rightfully claim that all eastern Mediterranean islands should be part of our kingdom!;;;;;;;;;x
#
# Duchy merge tooltips
#
expd_dm_root_is_not_de_jure_liege_of_this_duchy_tt;[Root.GetTitledFirstName] is NOT de jure liege of the §Y[This.GetFullName]§!;;;;;;;;;;;;;x
expd_dm_root_holds_prev_kingdom_tt;[Root.GetTitledFirstName] (or one of [Root.GetHerHis] vassals) holds the §Y[Prev.GetFullName]§!;;;;;;;;;;;;;x
expd_dm_root_completely_controls_prev_kingdom_tt;[Root.GetTitledFirstName] completely controls the §Y[Prev.GetFullName]§!;;;;;;;;;;;;;x
expd_dm_every_county_and_duchy_in_prev_kingdom_is_controlled_by_root_tt;[Root.GetTitledFirstName] (or one of [Root.GetHerHis] vassals) holds every county and duchy in the §Y[Prev.GetFullName]§!;;;;;;;;;;;;;x
expd_dm_this_duchy_becomes_de_jure_part_of_prev_kingdom_tt;The §Y[This.GetFullName]§! becomes de jure part of the §Y[Prev.GetFullName]§!;;;;;;;;;;;;;x