# Event text
mbb_reformist_bloodline_event_text;[Root.GetTitledFirstName] has dedicated [Root.GetHerHis] life to strengthening [Root.Religion.GetName] faith.\nBy putting the scriptures of religion together and reinterpreting some of the old texts [Root.GetSheHe] managed to reform [Root.Religion.GetName] faith and make it a religion that will stand the test of time.;;;;;;;;;;;;;x

# Event option labels
mbb_reformist_bloodline_option_name_default_no_nickname;A very prestigious event! (Keep current nickname);;;;;;;;;;;;;x
mbb_reformist_bloodline_option_name_godking_no_nickname;I am the GOD! (Keep current nickname);;;;;;;;;;;;;x
mbb_reformist_bloodline_option_name_default_with_nickname;A very prestigious event! (Gain new nickname);;;;;;;;;;;;;x
mbb_reformist_bloodline_option_name_godking_with_nickname;I am the GOD! (Gain new nickname);;;;;;;;;;;;;x

# Event option tooltips
mbb_reformist_bloodline_option_tooltip_no_nickname;This option is available in case you don't want to change your nickname;;;;;;;;;;;;;x
mbb_reformist_bloodline_option_tooltip_leadership_nickname;This option is available due to the new religion's leadership structure;;;;;;;;;;;;;x
mbb_reformist_bloodline_option_tooltip_nature_nickname;This option is available due to the new religion's nature;;;;;;;;;;;;;x
mbb_reformist_bloodline_option_tooltip_doctrine_nickname;This option is available due to the new religion's doctrines;;;;;;;;;;;;;x

# Bloodline names - default bloodline
IB_reformist_bloodline_aztec;Reformist Blood of [Root.GetFirstNameWithNick];;;;;;;;;;;;;x
IB_reformist_bloodline_baltic;Reformist Blood of [Root.GetFirstNameWithNick];;;;;;;;;;;;;x
IB_reformist_bloodline_bon;Reformist Blood of [Root.GetFirstNameWithNick];;;;;;;;;;;;;x
IB_reformist_bloodline_finnish;Reformist Blood of [Root.GetFirstNameWithNick];;;;;;;;;;;;;x
IB_reformist_bloodline_hellenic;Reformist Blood of [Root.GetFirstNameWithNick];;;;;;;;;;;;;x
IB_reformist_bloodline_norse;Reformist Blood of [Root.GetFirstNameWithNick];;;;;;;;;;;;;x
IB_reformist_bloodline_slavic;Reformist Blood of [Root.GetFirstNameWithNick];;;;;;;;;;;;;x
IB_reformist_bloodline_tengri;Reformist Blood of [Root.GetFirstNameWithNick];;;;;;;;;;;;;x
IB_reformist_bloodline_west_african;Reformist Blood of [Root.GetFirstNameWithNick];;;;;;;;;;;;;x
IB_reformist_bloodline_zun;Reformist Blood of [Root.GetFirstNameWithNick];;;;;;;;;;;;;x

# Bloodline descriptions - default bloodline
IB_reformist_bloodline_aztec_desc;[Root.GetFirstNameWithNick] reformed the Aztec faith into an organized religion to make a belief system that can stand up to and surpass other organized religions.;;;;;;;;;;;;;x
IB_reformist_bloodline_baltic_desc;[Root.GetFirstNameWithNick] reformed the Romuva faith into an organized religion to make a belief system that can stand up to and surpass other organized religions.;;;;;;;;;;;;;x
IB_reformist_bloodline_bon_desc;[Root.GetFirstNameWithNick] reformed the B�n faith into an organized religion to make a belief system that can stand up to and surpass other organized religions.;;;;;;;;;;;;;x
IB_reformist_bloodline_finnish_desc;[Root.GetFirstNameWithNick] reformed the Suomenskuo faith into an organized religion to make a belief system that can stand up to and surpass other organized religions.;;;;;;;;;;;;;x
IB_reformist_bloodline_hellenic_desc;[Root.GetFirstNameWithNick] reformed the Hellenic faith into an organized religion to make a belief system that can stand up to and surpass other organized religions.;;;;;;;;;;;;;x
IB_reformist_bloodline_norse_desc;[Root.GetFirstNameWithNick] reformed the Germanic faith into an organized religion to make a belief system that can stand up to and surpass other organized religions.;;;;;;;;;;;;;x
IB_reformist_bloodline_slavic_desc;[Root.GetFirstNameWithNick] reformed the Slavic faith into an organized religion to make a belief system that can stand up to and surpass other organized religions.;;;;;;;;;;;;;x
IB_reformist_bloodline_tengri_desc;[Root.GetFirstNameWithNick] reformed the Tengri faith into an organized religion to make a belief system that can stand up to and surpass other organized religions.;;;;;;;;;;;;;x
IB_reformist_bloodline_west_african_desc;[Root.GetFirstNameWithNick] reformed the African faith into an organized religion to make a belief system that can stand up to and surpass other organized religions.;;;;;;;;;;;;;x
IB_reformist_bloodline_zun_desc;[Root.GetFirstNameWithNick] reformed the Zunist faith into an organized religion to make a belief system that can stand up to and surpass other organized religions.;;;;;;;;;;;;;x

# Bloodline names - godking bloodline
IB_reformist_godking_bloodline_aztec;Divine Blood of [Root.Religion.GetHighGodName];;;;;;;;;;;;;x
IB_reformist_godking_bloodline_baltic;Divine Blood of [Root.Religion.GetHighGodName];;;;;;;;;;;;;x
IB_reformist_godking_bloodline_bon;Divine Blood of [Root.Religion.GetHighGodName];;;;;;;;;;;;;x
IB_reformist_godking_bloodline_finnish;Divine Blood of [Root.Religion.GetHighGodName];;;;;;;;;;;;;x
IB_reformist_godking_bloodline_hellenic;Divine Blood of [Root.Religion.GetHighGodName];;;;;;;;;;;;;x
IB_reformist_godking_bloodline_norse;Divine Blood of [Root.Religion.GetHighGodName];;;;;;;;;;;;;x
IB_reformist_godking_bloodline_slavic;Divine Blood of [Root.Religion.GetHighGodName];;;;;;;;;;;;;x
IB_reformist_godking_bloodline_tengri;Divine Blood of [Root.Religion.GetHighGodName];;;;;;;;;;;;;x
IB_reformist_godking_bloodline_west_african;Divine Blood of [Root.Religion.GetHighGodName];;;;;;;;;;;;;x
IB_reformist_godking_bloodline_zun;Divine Blood of [Root.Religion.GetHighGodName];;;;;;;;;;;;;x

# Bloodline descriptions - godking bloodline
IB_reformist_godking_bloodline_aztec_desc;[Root.GetFirstNameWithNick] reformed the Aztec faith into a religion where [Root.GetSheHe] is considered divine. Believers will worship [Root.GetHerHim] and [Root.GetHerHis] descendants as living gods, which will greatly strengthen their power over the faithful.;;;;;;;;;;;;;x
IB_reformist_godking_bloodline_baltic_desc;[Root.GetFirstNameWithNick] reformed the Romuva faith into a religion where [Root.GetSheHe] is considered divine. Believers will worship [Root.GetHerHim] and [Root.GetHerHis] descendants as living gods, which will greatly strengthen their power over the faithful.;;;;;;;;;;;;;x
IB_reformist_godking_bloodline_bon_desc;[Root.GetFirstNameWithNick] reformed the B�n faith into a religion where [Root.GetSheHe] is considered divine. Believers will worship [Root.GetHerHim] and [Root.GetHerHis] descendants as living gods, which will greatly strengthen their power over the faithful.;;;;;;;;;;;;;x
IB_reformist_godking_bloodline_finnish_desc;[Root.GetFirstNameWithNick] reformed the Suomenskuo faith into a religion where [Root.GetSheHe] is considered divine. Believers will worship [Root.GetHerHim] and [Root.GetHerHis] descendants as living gods, which will greatly strengthen their power over the faithful.;;;;;;;;;;;;;x
IB_reformist_godking_bloodline_hellenic_desc;[Root.GetFirstNameWithNick] reformed the Hellenic faith into a religion where [Root.GetSheHe] is considered divine. Believers will worship [Root.GetHerHim] and [Root.GetHerHis] descendants as living gods, which will greatly strengthen their power over the faithful.;;;;;;;;;;;;;x
IB_reformist_godking_bloodline_norse_desc;[Root.GetFirstNameWithNick] reformed the Germanic faith into a religion where [Root.GetSheHe] is considered divine. Believers will worship [Root.GetHerHim] and [Root.GetHerHis] descendants as living gods, which will greatly strengthen their power over the faithful.;;;;;;;;;;;;;x
IB_reformist_godking_bloodline_slavic_desc;[Root.GetFirstNameWithNick] reformed the Slavic faith into a religion where [Root.GetSheHe] is considered divine. Believers will worship [Root.GetHerHim] and [Root.GetHerHis] descendants as living gods, which will greatly strengthen their power over the faithful.;;;;;;;;;;;;;x
IB_reformist_godking_bloodline_tengri_desc;[Root.GetFirstNameWithNick] reformed the Tengri faith into a religion where [Root.GetSheHe] is considered divine. Believers will worship [Root.GetHerHim] and [Root.GetHerHis] descendants as living gods, which will greatly strengthen their power over the faithful.;;;;;;;;;;;;;x
IB_reformist_godking_bloodline_west_african_desc;[Root.GetFirstNameWithNick] reformed the African faith into a religion where [Root.GetSheHe] is considered divine. Believers will worship [Root.GetHerHim] and [Root.GetHerHis] descendants as living gods, which will greatly strengthen their power over the faithful.;;;;;;;;;;;;;x
IB_reformist_godking_bloodline_zun_desc;[Root.GetFirstNameWithNick] reformed the Zunist faith into a religion where [Root.GetSheHe] is considered divine. Believers will worship [Root.GetHerHim] and [Root.GetHerHis] descendants as living gods, which will greatly strengthen their power over the faithful.;;;;;;;;;;;;;x

# Bloodline activation tooltips
mbb_tt_character_is_of_same_dynasty_as_founder;[Root.GetFirstNameWithNick] belongs to the same dynasty as [From.Founder.GetFirstNameWithNick];;;;;;;;;;;;;x