ekthieving1optb_blocked;Decline (I cannot steal from a fellow member of [Root.Society.GetName]);;;;;;;;;;;;;x
ekthieving1opta_blocked_fellow_member_carmonna_tong;Decline (The Carmonna Tong refuse the contract);;;;;;;;;;;;;x
ekthieving1opta_blocked_fellow_member_tamriel;Decline (The Thieves Guild refuse the contract);;;;;;;;;;;;;x
ekthieving1opta_blocked_fellow_member_akavir;Decline (The Silent Moons refuse the contract);;;;;;;;;;;;;x
ekthieving1opta_blocked_other_reason;Decline (No thieving organisation can reach the target);;;;;;;;;;;;;x
ekthieving1decline;Decline (I've changed my mind);;;;;;;;;;;;;x