d_boethiaschosen;Boethiah's Chosen;;;;;;;;;;;;;x
d_boethiaschosen_adj;Boethian;;;;;;;;;;;;;x
d_championsofmalacath;Champions of Malacath;;;;;;;;;;;;;x
d_championsofmalacath_adj;Malacathian;;;;;;;;;;;;;x
d_handsofalmalexia;Hands of Almalexia;;;;;;;;;;;;;x
d_handsofalmalexia_adj;Almalexian;;;;;;;;;;;;;x
d_knightsmentor;Knights Mentor;;;;;;;;;;;;;x
d_knightsmentor_adj;Knights Mentor;;;;;;;;;;;;;x
d_knightsofiron;Knights of Iron;;;;;;;;;;;;;x
d_knightsofiron_adj;Knights of Iron;;;;;;;;;;;;;x
d_knightsoforder;Knights of Order;;;;;;;;;;;;;x
d_knightsoforder_adj;Order;;;;;;;;;;;;;x
d_knightsofthecircle;Knights of the Circle;;;;;;;;;;;;;x
d_knightsofthecircle_adj;Circle;;;;;;;;;;;;;x
d_knightsofthenine;Knights of the Nine;;;;;;;;;;;;;x
d_knightsofthenine_adj;Knights of the Nine;;;;;;;;;;;;;x
d_kynaranorder;Kynaran Order;;;;;;;;;;;;;x
d_kynaranorder_adj;Kynaran;;;;;;;;;;;;;x
d_maranknights;Maran Knights;;;;;;;;;;;;;x
d_maranknights_adj;Maran;;;;;;;;;;;;;x
d_mythicdawncultists;Mythic Dawn Cultists;;;;;;;;;;;;;x
d_mythicdawncultists_adj;Cultist;;;;;;;;;;;;;x
d_nerevarinecultists;Nerevarine Cultists;;;;;;;;;;;;;x
d_nerevarinecultists_adj;Cultist;;;;;;;;;;;;;x
d_orderofthehour;Order of the Hour;;;;;;;;;;;;;x
d_orderofthehour_adj;Hourly;;;;;;;;;;;;;x
d_orderofthelily;Order of the Lily;;;;;;;;;;;;;x
d_orderofthelily_adj;Lillian;;;;;;;;;;;;;x
d_buoyantarmiger;Buoyant Armigers;;;;;;;;;;;;;x
d_buoyantarmiger_adj;Buoyant Armigers;;;;;;;;;;;;;x
c_adventurers_of_skyrim;Adventurers of Skyrim;;;;;;;;;;;;;x
c_adventurers_of_skyrim_adj;Skyrim Adventurer;;;;;;;;;;;;;x
d_stormfist_brigade;The Stormfist Brigade;;;;;;;;;;;;;x
d_stormfist_brigade_adj;Stormfist Brigade;;;;;;;;;;;;;x
c_brotherhood_of_wolf;Brotherhood of the Wolf;;;;;;;;;;;;;x
c_brotherhood_of_wolf_adj;Wolf-Brother;;;;;;;;;;;;;x
c_company_friends;Company of Friends;;;;;;;;;;;;;x
c_company_friends_adj;Company of Friends;;;;;;;;;;;;;x
c_desertrangers;Desert Rangers;;;;;;;;;;;;;x
c_desertrangers_adj;Desert Ranger;;;;;;;;;;;;;x
c_dungeon_defenders;Dungeon Defenders;;;;;;;;;;;;;x
c_dungeon_defenders_adj;Dungeon Defender;;;;;;;;;;;;;x
c_explorersunknownable;Explorers of the Unknowable;;;;;;;;;;;;;x
c_explorersunknownable_adj;Unknowable Explorer;;;;;;;;;;;;;x
c_hostofbay;Host of the Bay;;;;;;;;;;;;;x
c_hostofbay_adj;Bay Host;;;;;;;;;;;;;x
c_hostofblackstar;Host of the Black Star;;;;;;;;;;;;;x
c_hostofblackstar_adj;Black Star Host;;;;;;;;;;;;;x
c_hostofboot;Host of the Boot;;;;;;;;;;;;;x
c_hostofboot_adj;Boot Host;;;;;;;;;;;;;x
c_hostofemeraldjungle;Host of the Emerald Jungle;;;;;;;;;;;;;x
c_hostofemeraldjungle_adj;Emerald Order;;;;;;;;;;;;;x
c_hostofgreenheart;Host of the Greenheart;;;;;;;;;;;;;x
c_hostofgreenheart_adj;Greenheart Host;;;;;;;;;;;;;x
c_hostofhammer;Host of the Hammer;;;;;;;;;;;;;x
c_hostofhammer_adj;Hammer Host;;;;;;;;;;;;;x
c_hostofhoarfrost;Host of Hoarfrost;;;;;;;;;;;;;x
c_hostofhoarfrost_adj;Hoarfrost Host;;;;;;;;;;;;;x
d_ebonheartfleet;Ebonheart's Fleet;;;;;;;;;;;;;x
c_hostofhoe;Host of the Hoe;;;;;;;;;;;;;x
c_hostofhoe_adj;Hoe Host;;;;;;;;;;;;;x
c_hostofironoak;Host of the Ironoak;;;;;;;;;;;;;x
c_hostofironoak_adj;Ironoak Host;;;;;;;;;;;;;x
c_hostofmangroveswamp;Host of the Mangrove;;;;;;;;;;;;;x
c_hostofmangroveswamp_adj;Mangrove Host;;;;;;;;;;;;;x
c_hostofmaw;Host of the Maw;;;;;;;;;;;;;x
c_hostofmaw_adj;Maw Host;;;;;;;;;;;;;x
c_hostofsatchel;Host of the Satchel;;;;;;;;;;;;;x
c_hostofsatchel_adj;Satchel Host;;;;;;;;;;;;;x
c_hostofslaughterfish;Host of the Slaughterfish;;;;;;;;;;;;;x
c_hostofslaughterfish_adj;Slaughterfish Host;;;;;;;;;;;;;x
c_hostofsouthsea;Host of the South Sea;;;;;;;;;;;;;x
c_hostofsouthsea_adj;Southsea Host;;;;;;;;;;;;;x
c_hostofspriggan;Host of the Spriggan;;;;;;;;;;;;;x
c_hostofspriggan_adj;Spriggan Host;;;;;;;;;;;;;x
c_hostofsword;Host of the Wintersword;;;;;;;;;;;;;x
c_hostofsword_adj;Wintersword;;;;;;;;;;;;;x
c_hostofthehorn;Host of the Horn;;;;;;;;;;;;;x
c_hostofthehorn_adj;Host of the Horn;;;;;;;;;;;;;x
c_hostofthetruehorn;Host of the True Horn;;;;;;;;;;;;;x
c_hostofthetruehorn_adj;Knights of the True Horn;;;;;;;;;;;;;x
c_hostoftimberwolf;Host of the Timber Wolf;;;;;;;;;;;;;x
c_hostoftimberwolf_adj;Host of the Timber Wolf;;;;;;;;;;;;;x
c_hostofunicorn;Host of the Unicorn;;;;;;;;;;;;;x
c_hostofunicorn_adj;Unicorn Host;;;;;;;;;;;;;x
c_hostofvale;Host of the Vale;;;;;;;;;;;;;x
c_hostofvale_adj;Vale Host;;;;;;;;;;;;;x
c_hostofveil;Host of the Veil;;;;;;;;;;;;;x
c_hostofveil_adj;Veil Host;;;;;;;;;;;;;x
c_hostofvengefulwood;Host of the Vengeful Wood;;;;;;;;;;;;;x
c_hostofvengefulwood_adj;Vengeful Wood Host;;;;;;;;;;;;;x
c_hostofvine;Host of the Vine;;;;;;;;;;;;;x
c_hostofvine_adj;Vine Host;;;;;;;;;;;;;x
c_hostofwildeye;Host of the Wildeye;;;;;;;;;;;;;x
c_hostofwildeye_adj;Wildeye Host;;;;;;;;;;;;;x
c_hostofwildheart;Host of the Wildheart;;;;;;;;;;;;;x
c_hostofwildheart_adj;Wildheart Host;;;;;;;;;;;;;x
c_knightsdragon;Knights of the Dragon;;;;;;;;;;;;;x
c_knightsdragon_adj;Dragon Knights;;;;;;;;;;;;;x
c_knightsofaether;Knights of Aetherius;;;;;;;;;;;;;x
c_knightsofaether_adj;Aether Knights;;;;;;;;;;;;;x
c_knightsofavowed;Knights of the Avowed;;;;;;;;;;;;;x
c_knightsofavowed_adj;Avowed Knights;;;;;;;;;;;;;x
c_knightsofband;Knights of the Band;;;;;;;;;;;;;x
c_knightsofband_adj;Knights Band;;;;;;;;;;;;;x
c_knightsofblackmarsh;Knights of Black Marsh;;;;;;;;;;;;;x
c_knightsofblackmarsh_adj;Black Marsh Knights;;;;;;;;;;;;;x
c_knightsofbloom;Knights of the Bloom;;;;;;;;;;;;;x
c_knightsofbloom_adj;Bloom Knights;;;;;;;;;;;;;x
c_knightsofchain;Knights of the Chain;;;;;;;;;;;;;x
c_knightsofchain_adj;Chain Knights;;;;;;;;;;;;;x
c_knightsofclannfear;Knights of the Clannfear;;;;;;;;;;;;;x
c_knightsofclannfear_adj;Clannfear Knights;;;;;;;;;;;;;x
c_knightsofcockerel;Knights of the Cockerel;;;;;;;;;;;;;x
c_knightsofcockerel_adj;Cock Knights;;;;;;;;;;;;;x
c_knightsofcoil;Knights of the Coil;;;;;;;;;;;;;x
c_knightsofcoil_adj;Coil Knights;;;;;;;;;;;;;x
c_knightsofcoral;Knights of Coral;;;;;;;;;;;;;x
c_knightsofcoral_adj;Coral Knights;;;;;;;;;;;;;x
c_knightsofcrag;Knights of the Crag;;;;;;;;;;;;;x
c_knightsofcrag_adj;Crag Knights;;;;;;;;;;;;;x
c_knightsofcrow;Knights of the Crow;;;;;;;;;;;;;x
c_knightsofcrow_adj;Crow Knights;;;;;;;;;;;;;x
c_knightsofcyrodiil;Knights of Cyrodiil;;;;;;;;;;;;;x
c_knightsofcyrodiil_adj;Cyrodiil Knights;;;;;;;;;;;;;x
c_knightsofdirge;Knights of the Dirge;;;;;;;;;;;;;x
c_knightsofdirge_adj;Dirge Knights;;;;;;;;;;;;;x
c_knightsofdove;Knights of the Dove;;;;;;;;;;;;;x
c_knightsofdove_adj;Knights of the Dove;;;;;;;;;;;;;x
c_knightsofdusk;Knights of Dusk;;;;;;;;;;;;;x
c_knightsofdusk_adj;Dusk Knights;;;;;;;;;;;;;x
c_knightsofeagle;Knights of the Eagle;;;;;;;;;;;;;x
c_knightsofeagle_adj;Eagle Knights;;;;;;;;;;;;;x
c_knightsofeastwatch;Knights of Eastwatch;;;;;;;;;;;;;x
c_knightsofeastwatch_adj;Eastwatch Knights;;;;;;;;;;;;;x
c_knightsofebontree;Knights of the Ebontree;;;;;;;;;;;;;x
c_knightsofebontree_adj;Ebontree Knights;;;;;;;;;;;;;x
c_knightsofebony;Knights of Ebony;;;;;;;;;;;;;x
c_knightsofebony_adj;Ebony Knights;;;;;;;;;;;;;x
c_knightsofelm;Knights of the Elm;;;;;;;;;;;;;x
c_knightsofelm_adj;Elm Knights;;;;;;;;;;;;;x
c_knightsofermine;Knights of Ermine;;;;;;;;;;;;;x
c_knightsofermine_adj;Ermine Knights;;;;;;;;;;;;;x
c_knightsofevergreen;Knights of the Evergreen;;;;;;;;;;;;;x
c_knightsofevergreen_adj;Evergreen Knights;;;;;;;;;;;;;x
c_knightsofevermore;Knights of Evermore;;;;;;;;;;;;;x
c_knightsofevermore_adj;Knights of Evermore;;;;;;;;;;;;;x
c_knightsoffirewatch;Knights of the Firewatch;;;;;;;;;;;;;x
c_knightsoffirewatch_adj;Firewatch Knights;;;;;;;;;;;;;x
c_knightsoffirst;Knights of the First;;;;;;;;;;;;;x
c_knightsoffirst_adj;First Knights;;;;;;;;;;;;;x
c_knightsofflame;Knights of the Flame;;;;;;;;;;;;;x
c_knightsofflame_adj;Knights of the Flame;;;;;;;;;;;;;x
c_knightsofforlorn;Knights of the Forlorn Hope;;;;;;;;;;;;;x
c_knightsofforlorn_adj;Forlorn Knights;;;;;;;;;;;;;x
c_knightsoffort;Knights of the Fort;;;;;;;;;;;;;x
c_knightsoffort_adj;Fort Knights;;;;;;;;;;;;;x
c_knightsofgate;Knights of the Gate;;;;;;;;;;;;;x
c_knightsofgate_adj;Knights of the Gate;;;;;;;;;;;;;x
c_knightsofgoldenhill;Knights of the Golden Hill;;;;;;;;;;;;;x
c_knightsofgoldenhill_adj;Goldenhill Knights;;;;;;;;;;;;;x
c_knightsofgoldenlion;Knights of the Golden Lion;;;;;;;;;;;;;x
c_knightsofgoldenlion_adj;Golden Lion Knights;;;;;;;;;;;;;x
c_knightsofhall;Knights of the Hall;;;;;;;;;;;;;x
c_knightsofhall_adj;Hall Knights;;;;;;;;;;;;;x
c_knightsofhare;Knights of the Hare;;;;;;;;;;;;;x
c_knightsofhare_adj;Hare Knights;;;;;;;;;;;;;x
c_knightsofhaste;Knights of Haste;;;;;;;;;;;;;x
c_knightsofhaste_adj;Haste Knights;;;;;;;;;;;;;x
c_knightsofhawk;Knights of the Hawk;;;;;;;;;;;;;x
c_knightsofhawk_adj;Knights of the Hawk;;;;;;;;;;;;;x
c_knightsofhedge;Knights of the Hedge;;;;;;;;;;;;;x
c_knightsofhedge_adj;Hedge Knights;;;;;;;;;;;;;x
c_knightsofhelm;Knights of the Helm;;;;;;;;;;;;;x
c_knightsofhelm_adj;Helm Knights;;;;;;;;;;;;;x
c_knightsofjewel;Knights of the Jewel;;;;;;;;;;;;;x
c_knightsofjewel_adj;Knights Jewel;;;;;;;;;;;;;x
c_knightsofjudgement;Knights of Judgement;;;;;;;;;;;;;x
c_knightsofjudgement_adj;Judgemental Knights;;;;;;;;;;;;;x
c_knightsoflion;Knights of the Lion;;;;;;;;;;;;;x
c_knightsoflion_adj;Lion Knights;;;;;;;;;;;;;x
c_knightsofmist;Knights of the Mist;;;;;;;;;;;;;x
c_knightsofmist_adj;Mist Knights;;;;;;;;;;;;;x
c_knightsofmoon;Knights of the Moon;;;;;;;;;;;;;x
c_knightsofmoon_adj;Knights of the Moon;;;;;;;;;;;;;x
c_knightsofmoth;Knights of the Moth;;;;;;;;;;;;;x
c_knightsofmoth_adj;Moth Knights;;;;;;;;;;;;;x
c_knightsofmurkwood;Knights of Murkwood;;;;;;;;;;;;;x
c_knightsofmurkwood_adj;Murkwood Knights;;;;;;;;;;;;;x
c_knightsofnorth;Knights of the North;;;;;;;;;;;;;x
c_knightsofnorthpass;Knights of the Northern Pass;;;;;;;;;;;;;x
c_knightsofnorthpass_adj;Northern Knights;;;;;;;;;;;;;x
c_knightsofnorth_adj;North Knights;;;;;;;;;;;;;x
c_knightsofoak;Knights of the Oak;;;;;;;;;;;;;x
c_knightsofoak_adj;Oak Knights;;;;;;;;;;;;;x
c_knightsofowl;Knights of the Owl;;;;;;;;;;;;;x
c_knightsofowl_adj;Knights of the Owl;;;;;;;;;;;;;x
c_knightsofpebble;Knights of the Pebble;;;;;;;;;;;;;x
c_knightsofpebble_adj;Pebble Knights;;;;;;;;;;;;;x
c_knightsofquill;Knights of the Quill;;;;;;;;;;;;;x
c_knightsofquill_adj;Quill Knight;;;;;;;;;;;;;x
c_knightsofquinrawl;Knights of Quin'Rawl;;;;;;;;;;;;;x
c_knightsofquinrawl_adj;Quin'Rawl Knights;;;;;;;;;;;;;x
c_knightsofrainbow;Knights of the Rainbow;;;;;;;;;;;;;x
c_knightsofrainbow_adj;Rainbow Knights;;;;;;;;;;;;;x
c_knightsofsabre;Knights of the Sabre;;;;;;;;;;;;;x
c_knightsofsabre_adj;Sabre Knights;;;;;;;;;;;;;x
c_knightsofshuriken;Knights of the Shuriken;;;;;;;;;;;;;x
c_knightsofshuriken_adj;Knights of the Shuriken;;;;;;;;;;;;;x
c_knightsofsilver;Knights of Silver;;;;;;;;;;;;;x
c_knightsofsilver_adj;Silver Knights;;;;;;;;;;;;;x
c_knightsofsolace;Knights of Solace;;;;;;;;;;;;;x
c_knightsofsolace_adj;Knights of Solace;;;;;;;;;;;;;x
c_knightsofsolitude;Knights of Solitude;;;;;;;;;;;;;x
c_knightsofsolitude_adj;Knights Solitude;;;;;;;;;;;;;x
c_knightsofsouthernhills;Knights of the Southern Hills;;;;;;;;;;;;;x
c_knightsofsouthernhills_adj;Southern Hill Knights;;;;;;;;;;;;;x
c_knightsofspring;Knights of the Spring;;;;;;;;;;;;;x
c_knightsofspring_adj;Spring Knights;;;;;;;;;;;;;x
c_knightsofstaff;Knights of the Staff;;;;;;;;;;;;;x
c_knightsofstaff_adj;Staff Knights;;;;;;;;;;;;;x
c_knightsofstar;Knights of the Star;;;;;;;;;;;;;x
c_knightsofstar_adj;Knights Star;;;;;;;;;;;;;x
c_knightsofstorm;Knights of the Storm;;;;;;;;;;;;;x
c_knightsofstorm_adj;Knights Storm;;;;;;;;;;;;;x
c_knightsoftemple;Knights of the Temple;;;;;;;;;;;;;x
c_knightsoftemple_adj;Temple Knights;;;;;;;;;;;;;x
c_knightsoftern;Knights of the Frost;;;;;;;;;;;;;x
c_knightsoftern_adj;Frost Knight;;;;;;;;;;;;;x
c_knightsofthepale;Knights of the Pale;;;;;;;;;;;;;x
c_knightsofthepale_adj;Pale Knights;;;;;;;;;;;;;x
c_knightsoftherose;Knights of the Rose;;;;;;;;;;;;;x
c_knightsoftherose_adj;Knights of the Rose;;;;;;;;;;;;;x
c_knightsofthorn;Knights of the Thorn;;;;;;;;;;;;;x
c_knightsofthorn_adj;Thorn Knights;;;;;;;;;;;;;x
c_knightsofvirtue;Knights of Virtue;;;;;;;;;;;;;x
c_knightsofvirtue_adj;Virtue Knights;;;;;;;;;;;;;x
c_knightsofwall;Knights of the Wall;;;;;;;;;;;;;x
c_knightsofwall_adj;Knights of the Wall;;;;;;;;;;;;;x
c_knightsofwatch;Knights of the Watch;;;;;;;;;;;;;x
c_knightsofwatch_adj;Knights Watch;;;;;;;;;;;;;x
c_knightsofwestshore;Knights of the Western Shore;;;;;;;;;;;;;x
c_knightsofwestshore_adj;Western Knights;;;;;;;;;;;;;x
c_knightsofwheel;Knights of the Wheel;;;;;;;;;;;;;x
c_knightsofwheel_adj;Knights of the Wheel;;;;;;;;;;;;;x
c_knightsofwhispering;Knights of the Whispering Ghost;;;;;;;;;;;;;x
c_knightsofwhispering_adj;Whispering Knights;;;;;;;;;;;;;x
c_knightsofwhite;Knights of the White;;;;;;;;;;;;;x
c_knightsofwhitestallion;Knights of the White Stallion;;;;;;;;;;;;;x
c_knightsofwhitestallion_adj;White Stallion Knights;;;;;;;;;;;;;x
c_knightsofwhite_adj;White Knights;;;;;;;;;;;;;x
c_knightsofwillowtree;Knights of the Willowtree;;;;;;;;;;;;;x
c_knightsofwillowtree_adj;Willowtree Knights;;;;;;;;;;;;;x
c_knightsofwinter;Knights of Winter;;;;;;;;;;;;;x
c_knightsofwinter_adj;Winter Knights;;;;;;;;;;;;;x
c_knightsofyellow;Knights of Yellow;;;;;;;;;;;;;x
c_knightsofyellow_adj;Yellow Knights;;;;;;;;;;;;;x
c_knights_errant;Knights Errant;;;;;;;;;;;;;x
c_knights_errant_adj;Knights Errant;;;;;;;;;;;;;x
c_legio_argonia;Legion Argonia;;;;;;;;;;;;;x
c_legio_argonia_adj;Argonia Legion;;;;;;;;;;;;;x
c_legio_colovia;Legion Colovia;;;;;;;;;;;;;x
c_legio_colovia_adj;Colovian Legion;;;;;;;;;;;;;x
c_legio_cyrodiil;Legion Cyrodiil;;;;;;;;;;;;;x
c_legio_cyrodiil_adj;Cyrodiilic Legion;;;;;;;;;;;;;x
c_legio_elsweyr;Legion Elsweyr;;;;;;;;;;;;;x
c_legio_elsweyr_adj;Elsweyr Legion;;;;;;;;;;;;;x
c_legio_hammerfell;Legion Hammerfell;;;;;;;;;;;;;x
c_legio_hammerfell_adj;Hammerfell Legion;;;;;;;;;;;;;x
c_legio_highrock;Legion High Rock;;;;;;;;;;;;;x
c_legio_highrock_adj;High Rock Legion;;;;;;;;;;;;;x
c_legio_knights;Imperial Knights;;;;;;;;;;;;;x
c_legio_knights_adj;Knights;;;;;;;;;;;;;x
c_legio_morrowind;Legion Morrowind;;;;;;;;;;;;;x
c_legio_morrowind_adj;Morrowind Legion;;;;;;;;;;;;;x
c_legio_nibenay;Legion Nibenay;;;;;;;;;;;;;x
c_legio_nibenay_adj;Nibenay Legion;;;;;;;;;;;;;x
c_legio_skyrim;Legion Skyrim;;;;;;;;;;;;;x
c_legio_skyrim_adj;Skyrim Legion;;;;;;;;;;;;;x
c_orderofancestors;Order of the Ancestors;;;;;;;;;;;;;x
c_orderofancestors_adj;Ancestor Order;;;;;;;;;;;;;x
c_orderofanvil;Order of the Anvil;;;;;;;;;;;;;x
c_orderofanvil_adj;Order of the Anvil;;;;;;;;;;;;;x
c_orderofarrowshot;Order of the Arrowshot;;;;;;;;;;;;;x
c_orderofarrowshot_adj;Arrowshot Order;;;;;;;;;;;;;x
c_orderofash;Order of Ash;;;;;;;;;;;;;x
c_orderofash_adj;Order of Ash;;;;;;;;;;;;;x
c_orderofaxe;Order of the Axe;;;;;;;;;;;;;x
c_orderofaxe_adj;Order of the Axe;;;;;;;;;;;;;x
c_orderofbanner;Order of the Banner;;;;;;;;;;;;;x
c_orderofbanner_adj;Order of the Banner;;;;;;;;;;;;;x
c_orderofbear;Order of the Bear;;;;;;;;;;;;;x
c_orderofbear_adj;Order of the Bear;;;;;;;;;;;;;x
c_orderofbell;Order of the Bell;;;;;;;;;;;;;x
c_orderofbell_adj;Order of the Bell;;;;;;;;;;;;;x
c_orderofblackfire;Order of Blackfire;;;;;;;;;;;;;x
c_orderofblackfire_adj;Blackfire;;;;;;;;;;;;;x
c_orderofblackrose;Order of the Black Rose;;;;;;;;;;;;;x
c_orderofblackrose_adj;Order of the Black Rose;;;;;;;;;;;;;x
c_orderofboar;Order of the Boar;;;;;;;;;;;;;x
c_orderofboar_adj;Order of the Boar;;;;;;;;;;;;;x
c_orderofbones;Order of the Bones;;;;;;;;;;;;;x
c_orderofbones_adj;Order of the Bones;;;;;;;;;;;;;x
c_orderofbow;Order of the Bow;;;;;;;;;;;;;x
c_orderofbow_adj;Order of the Bow;;;;;;;;;;;;;x
c_orderofbrokensword;Order of the Broken Sword;;;;;;;;;;;;;x
c_orderofbrokensword_adj;Order of the Broken Sword;;;;;;;;;;;;;x
c_orderofcamel;Order of the Camal;;;;;;;;;;;;;x
c_orderofcamel_adj;Order of the Camal;;;;;;;;;;;;;x
c_orderofcandle;Order of the Candle;;;;;;;;;;;;;x
c_orderofcandle_adj;Order of the Candle;;;;;;;;;;;;;x
c_orderofchase;Order of the Chase;;;;;;;;;;;;;x
c_orderofchase_adj;Chase Order;;;;;;;;;;;;;x
c_orderofchaurus;Order of the Chaurus;;;;;;;;;;;;;x
c_orderofchaurus_adj;Chaurus Order;;;;;;;;;;;;;x
c_orderofcliff;Order of the Cliff;;;;;;;;;;;;;x
c_orderofcliff_adj;Cliff Knights;;;;;;;;;;;;;x
c_orderofclock;Order of the Clockwork City;;;;;;;;;;;;;x
c_orderofclock_adj;Clockwork Order;;;;;;;;;;;;;x
c_orderofcoin;Order of the Coin;;;;;;;;;;;;;x
c_orderofcoin_adj;Coin Order;;;;;;;;;;;;;x
c_orderofcollar;Order of the Collar;;;;;;;;;;;;;x
c_orderofcollar_adj;Order of the Collar;;;;;;;;;;;;;x
c_orderofcrystal;Order of the Crystal;;;;;;;;;;;;;x
c_orderofcrystal_adj;Crystal Order;;;;;;;;;;;;;x
c_orderofdesertsands;Order of the Shifting Sands;;;;;;;;;;;;;x
c_orderofdesertsands_adj;Shifting Sands Order;;;;;;;;;;;;;x
c_orderofdesertshrub;Order of the Desert Shrub;;;;;;;;;;;;;x
c_orderofdesertshrub_adj;Desert Shrub Order;;;;;;;;;;;;;x
c_orderofdha;Order of the Dha;;;;;;;;;;;;;x
c_orderofdha_adj;Dha;;;;;;;;;;;;;x
c_orderofdragonfly;Order of the Dragonfly;;;;;;;;;;;;;x
c_orderofdragonfly_adj;Order of the Dragonfly;;;;;;;;;;;;;x
c_orderofeverwood;Order of the Everwood;;;;;;;;;;;;;x
c_orderofeverwood_adj;Everwood Order;;;;;;;;;;;;;x
c_orderoffleece;Order of the Fleece;;;;;;;;;;;;;x
c_orderoffleece_adj;Order of the Fleece;;;;;;;;;;;;;x
c_orderofforgotten;Order of the Forgotten;;;;;;;;;;;;;x
c_orderofforgotten_adj;Order of the Forgotten;;;;;;;;;;;;;x
c_orderofgarter;Order of the Garter;;;;;;;;;;;;;x
c_orderofgarter_adj;Order of the Garter;;;;;;;;;;;;;x
c_orderofglade;Order of the Glade;;;;;;;;;;;;;x
c_orderofglade_adj;Order of the Glade;;;;;;;;;;;;;x
c_orderofgoat;Order of the Goat;;;;;;;;;;;;;x
c_orderofgoat_adj;Order of the Goat;;;;;;;;;;;;;x
c_orderofgoldencat;Order of the Golden Cat;;;;;;;;;;;;;x
c_orderofgoldencat_adj;Golden Cat Order;;;;;;;;;;;;;x
c_orderofgriffon;Order of the Griffon;;;;;;;;;;;;;x
c_orderofgriffon_adj;Griffon Order;;;;;;;;;;;;;x
c_orderofguar;Order of the Guar;;;;;;;;;;;;;x
c_orderofguar_adj;Order of the Guar;;;;;;;;;;;;;x
c_orderofhearth;Order of the Hearth;;;;;;;;;;;;;x
c_orderofhearth_adj;Order of the Hearth;;;;;;;;;;;;;x
c_orderofimmortals;Order of the Immortals;;;;;;;;;;;;;x
c_orderofimmortals_adj;Immortal Order;;;;;;;;;;;;;x
c_orderofkagouti;Order of the Kagouti;;;;;;;;;;;;;x
c_orderofkagouti_adj;Order of the Kagouti;;;;;;;;;;;;;x
c_orderofkragen;Order of the Kragen;;;;;;;;;;;;;x
c_orderofkragen_adj;Kragen Order;;;;;;;;;;;;;x
c_orderofkris;Order of the Kris;;;;;;;;;;;;;x
c_orderofkris_adj;Order of the Kris;;;;;;;;;;;;;x
c_orderoflonelyharp;Order of the Lonely Harp;;;;;;;;;;;;;x
c_orderoflonelyharp_adj;Lonely Harp Order;;;;;;;;;;;;;x
c_orderofmarch;Order of the March;;;;;;;;;;;;;x
c_orderofmarch_adj;Order of the March;;;;;;;;;;;;;x
c_orderofmartyr;Order of the Martyr;;;;;;;;;;;;;x
c_orderofmartyr_adj;Order of the Martyr;;;;;;;;;;;;;x
c_orderofmoontree;Order of the Moontree;;;;;;;;;;;;;x
c_orderofmoontree_adj;Moontree Order;;;;;;;;;;;;;x
c_orderofmountain;Order of the Mountains;;;;;;;;;;;;;x
c_orderofmountain_adj;Mountain Order;;;;;;;;;;;;;x
c_orderofmudcrab;Order of the Mudcrab;;;;;;;;;;;;;x
c_orderofmudcrab_adj;Mudcrab Order;;;;;;;;;;;;;x
c_orderofnoose;Order of the Noose;;;;;;;;;;;;;x
c_orderofnoose_adj;Order of the Noose;;;;;;;;;;;;;x
c_orderofoldkeep;Order of the Old Keep;;;;;;;;;;;;;x
c_orderofoldkeep_adj;Old Keep Order;;;;;;;;;;;;;x
c_orderofpass;Order of the Pass;;;;;;;;;;;;;x
c_orderofpass_adj;Pass Order;;;;;;;;;;;;;x
c_orderofpearl;Order of the Pearl;;;;;;;;;;;;;x
c_orderofpearl_adj;Order of the Pearl;;;;;;;;;;;;;x
c_orderofpheasant;Order of the Pheasant;;;;;;;;;;;;;x
c_orderofpheasant_adj;Order of the Pheasant;;;;;;;;;;;;;x
c_orderofrabbit;Order of the Rabbit;;;;;;;;;;;;;x
c_orderofrabbit_adj;Order of the Rabbit;;;;;;;;;;;;;x
c_orderofrat;Order of the Rat;;;;;;;;;;;;;x
c_orderofrat_adj;Order of the Rat;;;;;;;;;;;;;x
c_orderofraven;Order of the Raven;;;;;;;;;;;;;x
c_orderofraven_adj;Order of the Raven;;;;;;;;;;;;;x
c_orderofreach;Order of the Reach;;;;;;;;;;;;;x
c_orderofreach_adj;Order of the Reach;;;;;;;;;;;;;x
c_orderofrim;Order of the Rim;;;;;;;;;;;;;x
c_orderofrim_adj;Rim Order;;;;;;;;;;;;;x
c_orderofroot;Order of the Root;;;;;;;;;;;;;x
c_orderofroot_adj;Root Order;;;;;;;;;;;;;x
c_orderofscarab;Order of the Scarab;;;;;;;;;;;;;x
c_orderofscarab_adj;Order of the Scarab;;;;;;;;;;;;;x
c_orderofscythe;Order of the Scythe;;;;;;;;;;;;;x
c_orderofscythe_adj;Scythe Knights;;;;;;;;;;;;;x
c_orderofseer;Order of the Seer;;;;;;;;;;;;;x
c_orderofseer_adj;Seer Order;;;;;;;;;;;;;x
c_orderofshamshir;Order of the Shamshir;;;;;;;;;;;;;x
c_orderofshamshir_adj;Shamshir;;;;;;;;;;;;;x
c_orderofshield;Order of the Shield;;;;;;;;;;;;;x
c_orderofshield_adj;Order of the Shield;;;;;;;;;;;;;x
c_orderofshroud;Order of the Shroud;;;;;;;;;;;;;x
c_orderofshroud_adj;Shroud Order;;;;;;;;;;;;;x
c_orderofsickle;Order of the Sickle;;;;;;;;;;;;;x
c_orderofsickle_adj;Order of the Sickle;;;;;;;;;;;;;x
c_orderofsil;Order of the Sil;;;;;;;;;;;;;x
c_orderofsil_adj;Sil Order;;;;;;;;;;;;;x
c_orderofsky;Order of the Sky;;;;;;;;;;;;;x
c_orderofsky_adj;Order of the Sky;;;;;;;;;;;;;x
c_orderofspear;Order of the Spear;;;;;;;;;;;;;x
c_orderofspear_adj;Order of the Spear;;;;;;;;;;;;;x
c_orderofsphinx;Order of the Sphinx;;;;;;;;;;;;;x
c_orderofsphinx_adj;Sphinx Order;;;;;;;;;;;;;x
c_orderofstallion;Order of the Black Stallion;;;;;;;;;;;;;x
c_orderofstallion_adj;Order of the Black Stallion;;;;;;;;;;;;;x
c_orderofstonetree;Order of the Stonetree;;;;;;;;;;;;;x
c_orderofstonetree_adj;Stonetree Order;;;;;;;;;;;;;x
c_orderofsun;Order of the Sun;;;;;;;;;;;;;x
c_orderofsundering;Order of the Sundering;;;;;;;;;;;;;x
c_orderofsundering_adj;Sundered Order;;;;;;;;;;;;;x
c_orderofsun_adj;Order of the Sun;;;;;;;;;;;;;x
c_orderoftalwar;Order of the Talwar;;;;;;;;;;;;;x
c_orderoftalwar_adj;Talwar;;;;;;;;;;;;;x
c_orderoftheblack;Order of the Black;;;;;;;;;;;;;x
c_orderoftheblack_adj;Black Order;;;;;;;;;;;;;x
c_orderoftheseaserpent;Order of the Sea Serpents;;;;;;;;;;;;;x
c_orderoftheseaserpent_adj;Seaserpent Order;;;;;;;;;;;;;x
c_orderofthespring;Order of the Spring;;;;;;;;;;;;;x
c_orderofthespring_adj;Order of the Spring;;;;;;;;;;;;;x
c_orderofthistle;Order of the Thistle;;;;;;;;;;;;;x
c_orderofthistle_adj;Order of the Thistle;;;;;;;;;;;;;x
c_orderoftower;Order of the Tower;;;;;;;;;;;;;x
c_orderoftower_adj;Order of the Tower;;;;;;;;;;;;;x
c_orderoftrident;Order of the Trident;;;;;;;;;;;;;x
c_orderoftrident_adj;Trident Order;;;;;;;;;;;;;x
c_orderofturban;Order of the Turban;;;;;;;;;;;;;x
c_orderofturban_adj;Order of the Turban;;;;;;;;;;;;;x
c_orderofvulture;Order of the Vulture;;;;;;;;;;;;;x
c_orderofvulture_adj;Vulture Order;;;;;;;;;;;;;x
c_orderofwanderingtree;Order of the Wandering Tree;;;;;;;;;;;;;x
c_orderofwanderingtree_adj;Wandering Tree Order;;;;;;;;;;;;;x
c_orderofwatchers;Order of the Watchers;;;;;;;;;;;;;x
c_orderofwatchers_adj;Watchers;;;;;;;;;;;;;x
c_ordersabrecat;Order of the Sabre Cat;;;;;;;;;;;;;x
c_ordersabrecat_adj;Order of the Sabre Cat;;;;;;;;;;;;;x
c_ramblers_society;Ramblers Society;;;;;;;;;;;;;x
c_ramblers_society_adj;Ramblers;;;;;;;;;;;;;x
c_ring_fellowship;Fellowship of the Ring;;;;;;;;;;;;;x
c_ring_fellowship_adj;Fellowship;;;;;;;;;;;;;x
c_tamrielexplorers;Tamriel Explorers;;;;;;;;;;;;;x
c_tamrielexplorers_adj;Tamriel Explorer;;;;;;;;;;;;;x
c_tombraiders;Tomb Raiders;;;;;;;;;;;;;x
c_tombraiders_adj;Tomb Raider;;;;;;;;;;;;;x
d_rimmenregulators;Regulators;;;;;;;;;;;;;x
d_rimmenregulators_desc;Regulator;;;;;;;;;;;;;x
d_abbarbasbarbarians;Abbarbas Barbarians;;;;;;;;;;;;;x
d_abbarbasbarbarians_adj;Barbarian;;;;;;;;;;;;;x
d_abbarbasfleet;Abbarbas Merchant Fleet;;;;;;;;;;;;;x
d_abbarbasfleet_adj;Abbarbas Merchant Fleet;;;;;;;;;;;;;x
d_ajalilbandits;Ajalil Bandits;;;;;;;;;;;;;x
d_ajalilbandits_adj;Ajalil Bandits;;;;;;;;;;;;;x
d_alabasternightrunners;Alabaster Nightrunners;;;;;;;;;;;;;x
d_alabasternightrunners_adj;Alabaster Nightrunners;;;;;;;;;;;;;x
d_alinorfleet;Alinor Merchant Fleet;;;;;;;;;;;;;x
d_alinorfleet_adj;Alinor Merchant Fleet;;;;;;;;;;;;;x
d_alinorprotectors;Alinor Protectors;;;;;;;;;;;;;x
d_alinorprotectors_adj;Alinor Protector;;;;;;;;;;;;;x
d_alinorsundivers;Alinor Sundivers;;;;;;;;;;;;;x
d_alinorsundivers_adj;Sundiver;;;;;;;;;;;;;x
d_aniputbandits;Aniput Bandits;;;;;;;;;;;;;x
d_aniputbandits_adj;Aniput Bandits;;;;;;;;;;;;;x
d_anvilfleet;Anvillian Merchant Fleet;;;;;;;;;;;;;x
d_anvilfleet_adj;Anvillian Merchant Fleet;;;;;;;;;;;;;x
d_anvilforgers;Anvil Forgers;;;;;;;;;;;;;x
d_anvilforgers_adj;Anvil Forgers;;;;;;;;;;;;;x
d_apostlesoflight;Apostles of Light;;;;;;;;;;;;;x
d_apostlesoflight_adj;Apostillic;;;;;;;;;;;;;x
d_archonplague;Archon Plague;;;;;;;;;;;;;x
d_archonplague_adj;Archon Plague;;;;;;;;;;;;;x
d_arenthiahuntsmen;Arenthia Huntsmen;;;;;;;;;;;;;x
d_arenthiahuntsmen_adj;Huntsmen;;;;;;;;;;;;;x
d_argonianblackscales;Argonian Blackscales;;;;;;;;;;;;;x
d_argonianblackscales_adj;Blackscale;;;;;;;;;;;;;x
d_ascadianfleet;Ascadian Merchant Fleet;;;;;;;;;;;;;x
d_ascadianfleet_adj;Ascadian Merchant Fleet;;;;;;;;;;;;;x
d_ashlanderband;Ashlander Warband;;;;;;;;;;;;;x
d_ashlanderband_adj;Ashlander;;;;;;;;;;;;;x
d_ashlanderoutcasts;Outcasts;;;;;;;;;;;;;x
d_ashlanderoutcasts_adj;Outcasts;;;;;;;;;;;;;x
d_aurusbombardiers;Aurus Bombardiers;;;;;;;;;;;;;x
d_aurusbombardiers_adj;Aurus Bombardiers;;;;;;;;;;;;;x
d_azrastollmen;Azra's Tollmen;;;;;;;;;;;;;x
d_azrastollmen_adj;Azra's Tollmen;;;;;;;;;;;;;x
d_battlehornmenatarms;Battlehorn Men-At-Arms;;;;;;;;;;;;;x
d_battlehornmenatarms_adj;Battlehorner;;;;;;;;;;;;;x
d_bittercoastfleet;Bitter Coast Fleet;;;;;;;;;;;;;x
d_blackboots;Blackboots;;;;;;;;;;;;;x
d_blackboots_adj;Blackboots;;;;;;;;;;;;;x
d_blackbowbandits;Blackbow Bandits;;;;;;;;;;;;;x
d_blackbowbandits_adj;Blackbow;;;;;;;;;;;;;x
d_blackhandpirates;Blackhand Pirates;;;;;;;;;;;;;x
d_blackhandpirates_adj;Blackhand Pirate;;;;;;;;;;;;;x
d_blacklightdarkknights;Blacklight Dark Knights;;;;;;;;;;;;;x
d_blacklightdarkknights_adj;Dark Knight;;;;;;;;;;;;;x
d_blacklightfleet;Blacklighter Merchant Fleet;;;;;;;;;;;;;x
d_blacklightfleet_adj;Blacklighter Merchant Fleet;;;;;;;;;;;;;x
d_blackpanthers;Black Panthers;;;;;;;;;;;;;x
d_blackpanthers_adj;Black Panthers;;;;;;;;;;;;;x
d_blackrosewarriors;Blackrose Warriors;;;;;;;;;;;;;x
d_blackrosewarriors_adj;Blackrose Warrior;;;;;;;;;;;;;x
d_blackwaterbandits;Blackwater Bandits;;;;;;;;;;;;;x
d_blackwaterbandits_adj;Blackwater Bandits;;;;;;;;;;;;;x
d_blackwoodcompany;Blackwood Company;;;;;;;;;;;;;x
d_blackwoodcompany_adj;Blackwood;;;;;;;;;;;;;x
d_bleakwallbandits;Bleakwall Bandits;;;;;;;;;;;;;x
d_bleakwallbandits_adj;Bleakwall Bandits;;;;;;;;;;;;;x
d_bloodhorkers;Blood Horkers;;;;;;;;;;;;;x
d_bloodhorkers_adj;Horker;;;;;;;;;;;;;x
d_bosicabandits;Bosica Bandits;;;;;;;;;;;;;x
d_bosicabandits_adj;Bosica Bandits;;;;;;;;;;;;;x
d_bosmorafleet;Bosmoran Merchant Fleet;;;;;;;;;;;;;x
d_bosmorafleet_adj;Bosmoran Merchant Fleet;;;;;;;;;;;;;x
d_bravilbrigands;Bravil Brigands;;;;;;;;;;;;;x
d_bravilbrigands_adj;Bravil Brigands;;;;;;;;;;;;;x
d_bretonpilgrims;Bretonian Pilgrims;;;;;;;;;;;;;x
d_bretonpilgrims_adj;Pilgrim;;;;;;;;;;;;;x
d_brumaberserkers;Bruma Berserkers;;;;;;;;;;;;;x
d_brumaberserkers_adj;Bruma Berserkers;;;;;;;;;;;;;x
d_bushwhackers;Bushwhackers;;;;;;;;;;;;;x
d_bushwhackers_adj;Bushwhackers;;;;;;;;;;;;;x
d_camlorndragons;Camlorn Dragons;;;;;;;;;;;;;x
d_camlorndragons_adj;Camlorn Dragons;;;;;;;;;;;;;x
d_cappadomarauders;Cappado Marauders;;;;;;;;;;;;;x
d_cappadomarauders_adj;Cappado Marauders;;;;;;;;;;;;;x
d_cathnoqueycorsairs;Cathnoquey Corsairs;;;;;;;;;;;;;x
d_cathnoqueycorsairs_adj;Cathnoquey Corsair;;;;;;;;;;;;;x
d_chasecreekchasers;Chasecreek Chasers;;;;;;;;;;;;;x
d_chasecreekchasers_adj;Chasecreek Chasers;;;;;;;;;;;;;x
d_cheydinhalcharioteers;Cheydinhal Charioteers;;;;;;;;;;;;;x
d_cheydinhalcharioteers_adj;Cheydinhal Charioteers;;;;;;;;;;;;;x
d_chorrolhighlanders;Chorrol Highlanders;;;;;;;;;;;;;x
d_chorrolhighlanders_adj;Chorrol Highlanders;;;;;;;;;;;;;x
d_cloudrestgladiators;Cloudrest Gladiators;;;;;;;;;;;;;x
d_cloudrestgladiators_adj;Cloudrest Gladiator;;;;;;;;;;;;;x
d_coldrockbandits;Coldrock Bandits;;;;;;;;;;;;;x
d_coldrockbandits_adj;Coldrock Bandits;;;;;;;;;;;;;x
d_company_of_the_hat;Company of the Hat;;;;;;;;;;;;;x
d_company_of_the_hat_adj;Hat;;;;;;;;;;;;;x
d_corinthbrood;Corinth Brood;;;;;;;;;;;;;x
d_corinthbrood_adj;Corinth Brood;;;;;;;;;;;;;x
d_cormairbandits;Cormair Bandits;;;;;;;;;;;;;x
d_cormairbandits_adj;Cormair Bandits;;;;;;;;;;;;;x
d_cornrobbers;Corn Robbers;;;;;;;;;;;;;x
d_cornrobbers_adj;Corn Robbers;;;;;;;;;;;;;x
d_crimsonguard;Crimson Guard;;;;;;;;;;;;;x
d_crimsonguard_adj;Crimson Guard;;;;;;;;;;;;;x
d_daggerfallguardians;Daggerfall Guardians;;;;;;;;;;;;;x
d_daggerfallguardians_adj;Daggerfall Guardians;;;;;;;;;;;;;x
d_darktide;Lilmoth Dark Tide;;;;;;;;;;;;;x
d_darktide_adj;Lilmoth Dark Tide;;;;;;;;;;;;;x
d_dawnstar_avengers;Dawnstar Avengers;;;;;;;;;;;;;x
d_dawnstar_avengers_adj;Dawnstar Avenger;;;;;;;;;;;;;x
d_desertfreemen;Desert Freemen;;;;;;;;;;;;;x
d_desertfreemen_adj;Desert Freemen;;;;;;;;;;;;;x
d_dissfleet;Diss Merchant Fleet;;;;;;;;;;;;;x
d_dissfleet_adj;Diss Merchant Fleet;;;;;;;;;;;;;x
d_dissvinewhips;Diss Vinewhips;;;;;;;;;;;;;x
d_dissvinewhips_adj;Diss Vinewhip;;;;;;;;;;;;;x
d_ditchdiggers;Ditchdiggers;;;;;;;;;;;;;x
d_ditchdiggers_adj;Ditchdiggers;;;;;;;;;;;;;x
d_dragonpondpilferers;Dragonpond Pilferers;;;;;;;;;;;;;x
d_dragonpondpilferers_adj;Dragonpond Pilferers;;;;;;;;;;;;;x
d_dragonstarsacredrage;Dragonstar Sacred Rage;;;;;;;;;;;;;x
d_dragonstarsacredrage_adj;Dragonstar Sacred Rage;;;;;;;;;;;;;x
d_duneblades;Dune Blades;;;;;;;;;;;;;x
d_duneblades_adj;Dune Blades;;;;;;;;;;;;;x
d_dunmerswords;Dunmer Sellswords;;;;;;;;;;;;;x
d_dunmerswords_adj;Dunmer Sellswords;;;;;;;;;;;;;x
d_dunstadburglars;Dunstad Burglars;;;;;;;;;;;;;x
d_dunstadburglars_adj;Dunstad Burglars;;;;;;;;;;;;;x
d_duskexecutioners;Dusk Executioners;;;;;;;;;;;;;x
d_duskexecutioners_adj;Dusk Executioner;;;;;;;;;;;;;x
d_duskfleet;Dusk Merchant Fleet;;;;;;;;;;;;;x
d_duskfleet_adj;Dusk Merchant Fleet;;;;;;;;;;;;;x
d_duskwoodprowlers;Duskwood Prowlers;;;;;;;;;;;;;x
d_duskwoodprowlers_adj;Duskwood Prowlers;;;;;;;;;;;;;x
d_eastempirecompany_fleet;East Empire Company Merchant Fleet;;;;;;;;;;;;;x
d_eastempirecompany_fleet_adj;Merchant Fleet;;;;;;;;;;;;;x
d_ebonheartreavers;Ebonheart Reavers;;;;;;;;;;;;;x
d_ebonheartreavers_adj;Reaver;;;;;;;;;;;;;x
d_eldenbushfleet;Eldenbush Merchant Fleet;;;;;;;;;;;;;x
d_eldenbushfleet_adj;Eldenbush Merchant Fleet;;;;;;;;;;;;;x
d_eldenrootcavaliers;Eldenroot Cavalier;;;;;;;;;;;;;x
d_elinhirblackcasters;Elinhir Blackcasters;;;;;;;;;;;;;x
d_elinhirblackcasters_adj;Elinhir Blackcasters;;;;;;;;;;;;;x
d_evermorewarknights;Evermore Knights;;;;;;;;;;;;;x
d_evermorewarknights_adj;Evermore Knights;;;;;;;;;;;;;x
d_falinestiwyverns;Falinesti Wyverns;;;;;;;;;;;;;x
d_falinestiwyverns_adj;Falinesti Wyvern;;;;;;;;;;;;;x
d_falkreath_shadows;Falkreath Shadows;;;;;;;;;;;;;x
d_falkreath_shadows_adj;Falkreath Shadow;;;;;;;;;;;;;x
d_farrunhellcats;Farrun Hellcats;;;;;;;;;;;;;x
d_farrunhellcats_adj;Farrun Hellcats;;;;;;;;;;;;;x
d_fightersguild;Fighters Guild;;;;;;;;;;;;;x
d_fightersguild_adj;Fighters Guild;;;;;;;;;;;;;x
d_firewatchbloodmages;Firewatch Bloodmages;;;;;;;;;;;;;x
d_firewatchbloodmages_adj;Bloodmages;;;;;;;;;;;;;x
d_firstholdfleet;Firstholder Merchant Fleet;;;;;;;;;;;;;x
d_firstholdfleet_adj;Firstholder Merchant Fleet;;;;;;;;;;;;;x
d_firstholdreapers;Firsthold Reapers;;;;;;;;;;;;;x
d_firstholdreapers_adj;Firsthold Reaper;;;;;;;;;;;;;x
d_frostcraggers;Frostcraggers;;;;;;;;;;;;;x
d_frostcraggers_adj;Frostcraggers;;;;;;;;;;;;;x
d_ghostfleet;Ghost Sea Merchant Fleet;;;;;;;;;;;;;x
d_ghostfleet_adj;Ghost Sea;;;;;;;;;;;;;x
d_gilanedirewolves;Gilane Dire Wolves;;;;;;;;;;;;;x
d_gilanedirewolves_adj;Gilane Dire Wolves;;;;;;;;;;;;;x
d_gilverdaledestructors;Gilverdale Destructors;;;;;;;;;;;;;x
d_gilverdaledestructors_adj;Gilverdale Destructor;;;;;;;;;;;;;x
d_gladiatorsofthearena;Gladiators of the Arena;;;;;;;;;;;;;x
d_gladiatorsofthearena_adj;Gladiator;;;;;;;;;;;;;x
d_glenguardransackers;Glenguard Ransackers;;;;;;;;;;;;;x
d_glenguardransackers_adj;Glenguard Ransackers;;;;;;;;;;;;;x
d_goldcoastfleet;Gold Coast Merchant Fleet;;;;;;;;;;;;;x
d_goldcoastfleet_adj;Gold Coast;;;;;;;;;;;;;x
d_greatcompany;Great Company;;;;;;;;;;;;;x
d_greatcompany_adj;Great Company;;;;;;;;;;;;;x
d_greenheartdefenders;Greenheart Defenders;;;;;;;;;;;;;x
d_greenheartdefenders_adj;Greenheart Defender;;;;;;;;;;;;;x
d_greenheartfleet;Greenheart Merchant Fleet;;;;;;;;;;;;;x
d_greenheartfleet_adj;Greenheart Merchant Fleet;;;;;;;;;;;;;x
d_hammerfellredguards;Hammerfell Redguards;;;;;;;;;;;;;x
d_hammerfellredguards_adj;Redguard;;;;;;;;;;;;;x
d_hanarbandits;Hanar Bandits;;;;;;;;;;;;;x
d_hanarbandits_adj;Hanar Bandits;;;;;;;;;;;;;x
d_haociandesertbandits;Desert Bandits;;;;;;;;;;;;;x
d_haociandesertbandits_adj;Desert Bandits;;;;;;;;;;;;;x
d_havencrows;Haven Crows;;;;;;;;;;;;;x
d_havencrows_adj;Haven Crows;;;;;;;;;;;;;x
d_havenfleet;Haven Merchant Fleet;;;;;;;;;;;;;x
d_heartland_marauders;Heartland Marauders;;;;;;;;;;;;;x
d_heartland_marauders_adj;Marauder;;;;;;;;;;;;;x
d_hegathebloodhorns;Hegathe Bloodhorns;;;;;;;;;;;;;x
d_hegathebloodhorns_adj;Hegathe Bloodhorns;;;;;;;;;;;;;x
d_heimdarraiders;Heimdar Raiders;;;;;;;;;;;;;x
d_heimdarraiders_adj;Heimdar Raiders;;;;;;;;;;;;;x
d_hekemimawarrirors;Hekemima Warrirors;;;;;;;;;;;;;x
d_hekemimawarrirors_adj;Warriors;;;;;;;;;;;;;x
d_houndsofharlun;Hounds of Harlun;;;;;;;;;;;;;x
d_houndsofharlun_adj;Hounds of Harlun;;;;;;;;;;;;;x
d_hraggstadwildlings;Wildlings;;;;;;;;;;;;;x
d_hraggstadwildlings_adj;Wildlings;;;;;;;;;;;;;x
d_strosfleet;Stross Merchant Fleet;;;;;;;;;;;;;x
d_strosfleet_adj;Strossian Merchant Fleet;;;;;;;;;;;;;x
d_gilanefleet;Gilane Merchant Fleet;;;;;;;;;;;;;x
d_gilanefleet_adj;Gilanic Merchant Fleet;;;;;;;;;;;;;x
d_tanethfleet;Taneth Merchant Fleet;;;;;;;;;;;;;x
d_tanethfleet_adj;Tanethian Merchant Fleet;;;;;;;;;;;;;x
d_rihadfleet;Rihad Merchant Fleet;;;;;;;;;;;;;x
d_rihadfleet_adj;Rihadic Merchant Fleet;;;;;;;;;;;;;x
d_sentinelfleet;Sentinel Merchant Fleet;;;;;;;;;;;;;x
d_sentinelfleet_adj;Sentinelic Merchant Fleet;;;;;;;;;;;;;x
d_daggerfallfleet;Daggerfall Merchant Fleet;;;;;;;;;;;;;x
d_daggerfallfleet_adj;Daggerfall Merchant Fleet;;;;;;;;;;;;;x
d_camlornfleet;Camlorn Merchant Fleet;;;;;;;;;;;;;x
d_camlornfleet_adj;Camlorner Merchant Fleet;;;;;;;;;;;;;x
d_northpointfleet;Northpoint Merchant Fleet;;;;;;;;;;;;;x
d_northpointfleet_adj;Northpointer  Merchant Fleet;;;;;;;;;;;;;x
d_farrunfleet;Farrun Merchant Fleet;;;;;;;;;;;;;x
d_farrunfleet_adj;Farrunic Merchant Fleet;;;;;;;;;;;;;x
d_portdunfleet;Portdun Creek Merchant Fleet;;;;;;;;;;;;;x
d_portdunfleet_adj;Portdun Creek Merchant Fleet;;;;;;;;;;;;;x
d_winterholdfleet;Winterhold Merchant Fleet;;;;;;;;;;;;;x
d_winterholdfleet_adj;Winterholder Merchant Fleet;;;;;;;;;;;;;x
d_windhelmfleet;Windhelm Merchant Fleet;;;;;;;;;;;;;x
d_windhelmfleet_adj;Windhelmer Merchant Fleet;;;;;;;;;;;;;x
d_tangmofleet;Tangmo Merchant Fleet;;;;;;;;;;;;;x
d_tangmofleet_adj;Tangmonian Merchant Fleet;;;;;;;;;;;;;x
d_islanderfleet;Islands Merchant Fleet;;;;;;;;;;;;;x
d_islanderfleet_adj;Islander Merchant Fleet;;;;;;;;;;;;;x
d_solitudefleet;Solitude Merchant Fleet;;;;;;;;;;;;;x
d_solitudefleet_adj;Solitude Merchant Flee;;;;;;;;;;;;;x
d_illicfleet;Illic Bay Merchant Fleet;;;;;;;;;;;;;x
d_illicfleet_adj;Illician Merchant Fleet;;;;;;;;;;;;;x
d_imperialisleheartlanders;Heartlanders;;;;;;;;;;;;;x
d_imperialisleheartlanders_adj;Heartlanders;;;;;;;;;;;;;x
d_ironpointransackers;Ironpoint Ransackers;;;;;;;;;;;;;x
d_ironpointransackers_adj;Ironpoint Ransackers;;;;;;;;;;;;;x
d_ishikenmountainmen;Ishiken Mountainmen;;;;;;;;;;;;;x
d_ishikenmountainmen_adj;Ishiken Mountainmen;;;;;;;;;;;;;x
d_jehannaiceblades;Jehenna Iceblades;;;;;;;;;;;;;x
d_jehannaiceblades_adj;Jehenna Iceblades;;;;;;;;;;;;;x
d_kabaqabandits;Kabaqa Bandits;;;;;;;;;;;;;x
d_kabaqabandits_adj;Kabaqa Bandits;;;;;;;;;;;;;x
d_khajiitsharpclaws;Khajiit Sharpclaws;;;;;;;;;;;;;x
d_khajiitsharpclaws_adj;Khajiit;;;;;;;;;;;;;x
d_kifukcutthroats;Kifuk Cutthroats;;;;;;;;;;;;;x
d_kifukcutthroats_adj;Kifuk Cutthroats;;;;;;;;;;;;;x
d_kitunakitesailors;Kituna Kitesailors;;;;;;;;;;;;;x
d_kitunakitesailors_adj;Kitesailor;;;;;;;;;;;;;x
d_knightsofthemoon;Knights of the Moon;;;;;;;;;;;;;x
d_knightsofthemoon_adj;Mooner;;;;;;;;;;;;;x
d_kragenmoorwarhammers;Kragenmoor Warhammers;;;;;;;;;;;;;x
d_kragenmoorwarhammers_adj;Warhammer;;;;;;;;;;;;;x
d_kumuukransackers;Kumuuk Ransackers;;;;;;;;;;;;;x
d_kumuukransackers_adj;Kumuuk Ransackers;;;;;;;;;;;;;x
d_kvatcheverscamps;Kvatch Everscamps;;;;;;;;;;;;;x
d_kvatcheverscamps_adj;Kvatch Everscamps;;;;;;;;;;;;;x
d_leyawiinfleet;Leyawiin Merchant Fleet;;;;;;;;;;;;;x
d_leyawiinscars;Leyawiin Scars;;;;;;;;;;;;;x
d_leyawiinscars_adj;Leyawiin Scars;;;;;;;;;;;;;x
d_lillandrilfleet;Lillandrillic Merchant Fleet;;;;;;;;;;;;;x
d_lilmothfleet;Lilmothian Merchant Fleet;;;;;;;;;;;;;x
d_lilmothfleet_adj;Lilmothian Merchant Fleet;;;;;;;;;;;;;x
d_lolthanisfleet;Lolthanic Merchant Fleet;;;;;;;;;;;;;x
d_lolthanisfleet_adj;Lolthanic Merchant Fleet;;;;;;;;;;;;;x
d_magesguild;Mages Guild;;;;;;;;;;;;;x
d_magesguild_adj;Mages Guild;;;;;;;;;;;;;x
d_markarth_demons;Markarth Demons;;;;;;;;;;;;;x
d_markarth_demons_adj;Markarth Demon;;;;;;;;;;;;;x
d_mehmetbandits;Mehmet Bandits;;;;;;;;;;;;;x
d_mehmetbandits_adj;Mehmet Bandits;;;;;;;;;;;;;x
d_meneviabandits;Menevia Bandits;;;;;;;;;;;;;x
d_meneviabandits_adj;Menevia Bandits;;;;;;;;;;;;;x
d_mercenaryguild;Mercenary Guild;;;;;;;;;;;;;x
d_mercenaryguilde_adj;Mercenary;;;;;;;;;;;;;x
d_mournholdbladedancers;Mournhold Bladedancers;;;;;;;;;;;;;x
d_mournholdbladedancers_adj;Bladedancer;;;;;;;;;;;;;x
d_murkwoodmarauders;Murkwood Marauders;;;;;;;;;;;;;x
d_murkwoodmarauders_adj;Murkwood Marauders;;;;;;;;;;;;;x
d_muthadabandits;Muthada Bandits;;;;;;;;;;;;;x
d_muthadabandits_adj;Muthada Bandits;;;;;;;;;;;;;x
d_narsisstormlords;Narsis Stormlords;;;;;;;;;;;;;x
d_narsisstormlords_adj;Stormlord;;;;;;;;;;;;;x
d_natives;Natives;;;;;;;;;;;;;x
d_natives_adj;Native;;;;;;;;;;;;;x
d_necromarenists;Necrom Arenists;;;;;;;;;;;;;x
d_necromarenists_adj;Arenist;;;;;;;;;;;;;x
d_nibenayfleet;Nibenay Merchant Fleet;;;;;;;;;;;;;x
d_nibenayfleet_adj;Nibenay;;;;;;;;;;;;;x
d_nibenbayfreebooters;Niben Bay Freebooters;;;;;;;;;;;;;x
d_nibenbayfreebooters_adj;Niben Bay Freebooter;;;;;;;;;;;;;x
d_nibenfleet;Niben Merchant Fleet;;;;;;;;;;;;;x
d_nibenfleet_adj;Niben Merchant Fleet;;;;;;;;;;;;;x
d_nordicaxemen;Nordic Axemen;;;;;;;;;;;;;x
d_nordicaxemen_adj;Nordic;;;;;;;;;;;;;x
d_northpointslayers;Northpoint Slayers;;;;;;;;;;;;;x
d_northpointslayers_adj;Northpoint Slayers;;;;;;;;;;;;;x
d_orcrestsilentones;Orcrest Silent Ones;;;;;;;;;;;;;x
d_orcrestsilentones_adj;Orcrest Silent Ones;;;;;;;;;;;;;x
d_orderdiagna;Order of Diagna;;;;;;;;;;;;;x
d_orderdiagna_adj;Diagnannic;;;;;;;;;;;;;x
d_ordurinmarauders;Ordurin Marauders;;;;;;;;;;;;;x
d_ordurinmarauders_adj;Ordurin Marauders;;;;;;;;;;;;;x
d_oruukmarauders;Oruuk Marauders;;;;;;;;;;;;;x
d_oruukmarauders_adj;Oruuk Marauders;;;;;;;;;;;;;x
d_orvaultpilferers;Orvault Pilferers;;;;;;;;;;;;;x
d_orvaultpilferers_adj;Orvault Pilferers;;;;;;;;;;;;;x
d_padaniransackers;Padani Ransackers;;;;;;;;;;;;;x
d_padaniransackers_adj;Padani Ransackers;;;;;;;;;;;;;x
d_padomaicfleet;Padomaic Merchant Fleet;;;;;;;;;;;;;x
d_padomaicfleet_adj;Padomaic;;;;;;;;;;;;;x
d_passkeepers;Pass Keepers;;;;;;;;;;;;;x
d_passkeepers_adj;Pass Keepers;;;;;;;;;;;;;x
d_penmarchighwaymen;Penmarch Highwaymen;;;;;;;;;;;;;x
d_penmarchighwaymen_adj;Penmarch Highwaymen;;;;;;;;;;;;;x
d_phantomsghostsea;Phantoms of the Ghost Sea;;;;;;;;;;;;;x
d_phantomsghostsea_adj;Phantom;;;;;;;;;;;;;x
d_pitdaemons;Helstrom Pit Daemons;;;;;;;;;;;;;x
d_pitdaemons_adj;Helstrom Pit Daemon;;;;;;;;;;;;;x
d_pontufleet;Pontu Merchant Fleet;;;;;;;;;;;;;x
d_pontufleet_adj;Pontu Merchant Fleet;;;;;;;;;;;;;x
d_pyandoneaserpents;Pyandonea Serpents;;;;;;;;;;;;;x
d_pyandoneaserpents_adj;Serpent;;;;;;;;;;;;;x
d_pyrrahnfleet;Pyrrahn Merchant Fleet;;;;;;;;;;;;;x
d_pyrrahnfleet_adj;Pyrrahn Merchant Fleet;;;;;;;;;;;;;x
d_pyrrahnpagans;Pyrrahn Pagans;;;;;;;;;;;;;x
d_pyrrahnpagans_adj;Pagan;;;;;;;;;;;;;x
d_ravenspringhillraiders;Hillraiders;;;;;;;;;;;;;x
d_ravenspringhillraiders_adj;Hillraiders;;;;;;;;;;;;;x
d_redsabres;Red Sabres;;;;;;;;;;;;;x
d_redsabres_adj;Red Sabre;;;;;;;;;;;;;x
d_redspears;Red Spears;;;;;;;;;;;;;x
d_redspears_adj;Red Spear;;;;;;;;;;;;;x
d_redwater_cutthroats;Redwater Roamers;;;;;;;;;;;;;x
d_redwater_cutthroats_adj;Redwater Roamers;;;;;;;;;;;;;x
d_restlessleague;Restless League;;;;;;;;;;;;;x
d_restlessleague_adj;Restless;;;;;;;;;;;;;x
d_riften_furies;Riften Furies;;;;;;;;;;;;;x
d_riften_furies_adj;Riften Fury;;;;;;;;;;;;;x
d_rihadbane;Rihad Bane;;;;;;;;;;;;;x
d_rihadbane_adj;Rihad Bane;;;;;;;;;;;;;x
d_rimbandits;Rimwatch Bandits;;;;;;;;;;;;;x
d_rimbandits_adj;Rimwatch Bandits;;;;;;;;;;;;;x
d_rimmencrushers;Rimmen Crushers;;;;;;;;;;;;;x
d_rimmencrushers_adj;Rimmen Crushers;;;;;;;;;;;;;x
d_riverholdaxers;Riverhold Axers;;;;;;;;;;;;;x
d_riverholdaxers_adj;Riverhold Axers;;;;;;;;;;;;;x
d_riverraiders;River Raiders;;;;;;;;;;;;;x
d_riverraiders_adj;River Raiders;;;;;;;;;;;;;x
d_rkundrobbers;Rkund Robbers;;;;;;;;;;;;;x
d_rkundrobbers_adj;Rkund Robbers;;;;;;;;;;;;;x
d_rockspringrobbers;Rockspring Robbers;;;;;;;;;;;;;x
d_rockspringrobbers_adj;Rockspring Robbers;;;;;;;;;;;;;x
d_rumarefleet;Rumare Merchant Fleet;;;;;;;;;;;;;x
d_rumarefleet_adj;Rumare Merchant Fleet;;;;;;;;;;;;;x
d_sagosianbandits;Sagosian Bandits;;;;;;;;;;;;;x
d_sagosianbandits_adj;Sagosian Bandits;;;;;;;;;;;;;x
d_saifcutthroats;Saif Cutthroats;;;;;;;;;;;;;x
d_saifcutthroats_adj;Saif Cutthroats;;;;;;;;;;;;;x
d_sandcats;Sandcats;;;;;;;;;;;;;x
d_sandcats_adj;Sandcats;;;;;;;;;;;;;x
d_senchalfleet;Senchal Merchant Fleet;;;;;;;;;;;;;x
d_senchalfleet_adj;Senchal Merchant Fleet;;;;;;;;;;;;;x
d_senchalnewgods;Senchal New Gods;;;;;;;;;;;;;x
d_senchalnewgods_adj;Senchal New Gods;;;;;;;;;;;;;x
d_senchalprivateers;Senchal Privateers;;;;;;;;;;;;;x
d_senchalprivateers_adj;Senchal Privateer;;;;;;;;;;;;;x
d_sentineldeathbringers;Sentinel Deathbringers;;;;;;;;;;;;;x
d_sentineldeathbringers_adj;Sentinel Deathbringers;;;;;;;;;;;;;x
d_shadowblades;Gideon Shadowblades;;;;;;;;;;;;;x
d_shadowblades_adj;Gideon Shadowblade;;;;;;;;;;;;;x
d_sharnhelmwarmages;Sharnhelm War Mages;;;;;;;;;;;;;x
d_sharnhelmwarmages_adj;Sharnhelm War Mages;;;;;;;;;;;;;x
d_shatterwoodbandits;Shatterwood Bandits;;;;;;;;;;;;;x
d_shatterwoodbandits_adj;Shatterwood Bandits;;;;;;;;;;;;;x
d_shimmerenetitans;Shimmerene Titans;;;;;;;;;;;;;x
d_shimmerenetitans_adj;Shimmerene Titan;;;;;;;;;;;;;x
d_silvenarrangers;Silvenar Rangers;;;;;;;;;;;;;x
d_silvenarrangers_adj;Silvenar Ranger;;;;;;;;;;;;;x
d_silverhand;Silverhand;;;;;;;;;;;;;x
d_silverhand_adj;Silverhand;;;;;;;;;;;;;x
d_skavenguards;Skaven Guards;;;;;;;;;;;;;x
d_skavenguards_adj;Skaven Guards;;;;;;;;;;;;;x
d_skingradleatherwings;Skingrad Leatherwings;;;;;;;;;;;;;x
d_skingradleatherwings_adj;Skingrad Leatherwings;;;;;;;;;;;;;x
d_skyhammermountainmen;Mountainmen;;;;;;;;;;;;;x
d_skyhammermountainmen_adj;Mountainmen;;;;;;;;;;;;;x
d_skywatchassassins;Skywatch Assassins;;;;;;;;;;;;;x
d_skywatchassassins_adj;Skywatch Assassin;;;;;;;;;;;;;x
d_snowdevils;Snow Devils;;;;;;;;;;;;;x
d_snowdevils_adj;Snow Devils;;;;;;;;;;;;;x
d_solitude_ravagers;Solitude Ravagers;;;;;;;;;;;;;x
d_solitude_ravagers_adj;Solitude Ravager;;;;;;;;;;;;;x
d_solstheimfleet;Solstheimer Merchant Fleet;;;;;;;;;;;;;x
d_solstheimfleet_adj;Solstheimer Merchant Fleet;;;;;;;;;;;;;x
d_solstheimhammersmiths;Solstheim Hammersmiths;;;;;;;;;;;;;x
d_solstheimhammersmiths_adj;Hammersmith;;;;;;;;;;;;;x
d_solstheimpillagers;Solstheim Pillagers;;;;;;;;;;;;;x
d_solstheimpillagers_adj;Pillager;;;;;;;;;;;;;x
d_soulrestfleet;Soulrester Merchant Fleet;;;;;;;;;;;;;x
d_soulrestfleet_adj;Soulrester Merchant Fleet;;;;;;;;;;;;;x
d_soulrestknightblades;Soulrest Knightblades;;;;;;;;;;;;;x
d_soulrestknightblades_adj;Soulrest Knightblade;;;;;;;;;;;;;x
d_southpointchimeras;Southpoint Chimeras;;;;;;;;;;;;;x
d_southpointchimeras_adj;Southpoint Chimera;;;;;;;;;;;;;x
d_southpointfleet;Southpointer Merchant Fleet;;;;;;;;;;;;;x
d_southpointfleet_adj;Southpointer Merchant Fleet;;;;;;;;;;;;;x
d_southpointraiders;Southpoint Raiders;;;;;;;;;;;;;x
d_southpointraiders_adj;Southpoint Raider;;;;;;;;;;;;;x
d_stormholdblackshields;Stormhold Blackshields;;;;;;;;;;;;;x
d_stormholdblackshields_adj;Stormhold Blackshield;;;;;;;;;;;;;x
d_summersetfleet;Summerset Merchant Fleet;;;;;;;;;;;;;x
d_summersetfleet_adj;Summerset;;;;;;;;;;;;;x
d_sunholdgriffins;Sunhold Griffins;;;;;;;;;;;;;x
d_sunholdgriffins_adj;Sunhold Griffins;;;;;;;;;;;;;x
d_sutchflameblades;Sutch Flameblades;;;;;;;;;;;;;x
d_sutchflameblades_adj;Sutch Flameblades;;;;;;;;;;;;;x
d_sutchmarauders;Sutch Marauders;;;;;;;;;;;;;x
d_sutchmarauders_adj;Marauder;;;;;;;;;;;;;x
d_swordsingers;Sword-Singers;;;;;;;;;;;;;x
d_swordsingers_adj;Swordsinger;;;;;;;;;;;;;x
d_syffim;Syffim;;;;;;;;;;;;;x
d_syffim_adj;Syffim;;;;;;;;;;;;;x
d_tanethwareagles;Taneth War Eagles;;;;;;;;;;;;;x
d_tanethwareagles_adj;Taneth War Eagles;;;;;;;;;;;;;x
d_tearfleet;Tear Merchant Fleet;;;;;;;;;;;;;x
d_tearfleet_adj;Tear Merchant Fleet;;;;;;;;;;;;;x
d_tearimmortals;Tear Immortals;;;;;;;;;;;;;x
d_tearimmortals_adj;Immortal;;;;;;;;;;;;;x
d_thebeautiful;Beautiful;;;;;;;;;;;;;x
d_thebeautiful_adj;Beautiful;;;;;;;;;;;;;x
d_thecompanions;Companions;;;;;;;;;;;;;x
d_thecompanions_adj;Companion;;;;;;;;;;;;;x
d_thecontemptibles;Contemptibles;;;;;;;;;;;;;x
d_thecontemptibles_adj;Contemptible;;;;;;;;;;;;;x
d_thornfleet;Thorn Merchant Fleet;;;;;;;;;;;;;x
d_thornfleet_adj;Thorn Merchant Fleet;;;;;;;;;;;;;x
d_timberthieves;Timber Thieves;;;;;;;;;;;;;x
d_timberthieves_adj;Timber Thieves;;;;;;;;;;;;;x
d_topalbuccaneers;Topal Buccaneers;;;;;;;;;;;;;x
d_topalbuccaneers_adj;Topal Buccaneer;;;;;;;;;;;;;x
d_topalfleet;Topal Sea Merchant Fleet;;;;;;;;;;;;;x
d_topalfleet_adj;Topal;;;;;;;;;;;;;x
d_torvalfiredrakes;Torval Firedrakes;;;;;;;;;;;;;x
d_torvalfiredrakes_adj;Torval Firedrakes;;;;;;;;;;;;;x
d_torvalfleet;Torvallic Merchant Fleet;;;;;;;;;;;;;x
d_torvalfleet_adj;Torvallic Merchant Fleet;;;;;;;;;;;;;x
d_totambupilferers;Totambu Pilferers;;;;;;;;;;;;;x
d_totambupilferers_adj;Totambu Pilferers;;;;;;;;;;;;;x
d_valenwoodvinewhips;Vinewhips;;;;;;;;;;;;;x
d_valenwoodvinewhips_adj;Vinewhip;;;;;;;;;;;;;x
d_vanguard;Ayleid Vanguard;;;;;;;;;;;;;x
d_vanguard_adj;Vanguard;;;;;;;;;;;;;x
d_varrohillmer;Varro Hillmer;;;;;;;;;;;;;x
d_varrohillmer_adj;Varro Hillmer;;;;;;;;;;;;;x
d_vvardenfellashlanders;Vvardenfell Ashlanders;;;;;;;;;;;;;x
d_vvardenfellashlanders_adj;Ashlander;;;;;;;;;;;;;x
d_waterthieves;Water Thieves;;;;;;;;;;;;;x
d_waterthieves_adj;Water Thieves;;;;;;;;;;;;;x
d_wayresthighlanders;Wayrest Highlanders;;;;;;;;;;;;;x
d_wayresthighlanders_adj;Wayrest Highlanders;;;;;;;;;;;;;x
d_wharfrats;Wharf Rats;;;;;;;;;;;;;x
d_wharfrats_adj;Wharf Rat;;;;;;;;;;;;;x
d_whiterun_devestators;Whiterun Devestators;;;;;;;;;;;;;x
d_whiterun_devestators_adj;Whiterun Devestator;;;;;;;;;;;;;x
d_windhelm_paladins;Windhelm Paladins;;;;;;;;;;;;;x
d_windhelm_paladins_adj;Windhelm Paladin;;;;;;;;;;;;;x
d_blades;Dragonguard;;;;;;;;;;;;;x
d_blades_adj;Dragonguard;;;;;;;;;;;;;x
d_winterhold_annihilators;Winterhold Annihilators;;;;;;;;;;;;;x
d_winterhold_annihilators_adj;Winterhold Annihilator;;;;;;;;;;;;;x
d_woodhearthnomads;Woodhearth Nomads;;;;;;;;;;;;;x
d_woodheathnomads_adj;Woodhearth Nomad;;;;;;;;;;;;;x
d_woodrootraiders;Woodroot Raiders;;;;;;;;;;;;;x
d_woodrootraiders_adj;Woodroot Raiders;;;;;;;;;;;;;x
d_wrothgarianbeastbandits;Beastmen Bandits;;;;;;;;;;;;;x
d_wrothgarianbeastbandits_adj;Beastmen Bandits;;;;;;;;;;;;;x
d_yokudanfleet;Yokudan Merchant Fleet;;;;;;;;;;;;;x
d_yokudanfleet_adj;Yokudan Merchant Fleet;;;;;;;;;;;;;x
e_pirates_adj;Pirate;;;;;;;;;;;;;x
d_hiashi_champions;Champions of Hiashi;;;;;;;;;;;;;x
d_hiashi_champions_adj;Champions of Hiashi;;;;;;;;;;;;;x
d_segaji_navigators;Segaji Navigators;;;;;;;;;;;;;x
d_segaji_navigators_adj;Segaji Navigators;;;;;;;;;;;;;x
d_chanubi_blades;Blades of Chanubi;;;;;;;;;;;;;x
d_chanubi_blades_adj;Blades of Chanubi;;;;;;;;;;;;;x
d_puryosu_guardians;Puryosu Guardians;;;;;;;;;;;;;x
d_puryosu_guardians_adj;Puryosu Guardians;;;;;;;;;;;;;x
d_desert_wind;Desert Wind;;;;;;;;;;;;;x
d_desert_wind_adj;Desert Wind;;;;;;;;;;;;;x
d_homshing_voyager;Homshing Voyagers;;;;;;;;;;;;;x
d_homshing_voyager_adj;Homshing Voyagers;;;;;;;;;;;;;x
d_chungzi_company;Chungzi Company;;;;;;;;;;;;;x
d_chungzi_company_adj;Chungzi Company;;;;;;;;;;;;;x
d_kansi_free_company;Kansi Free Company;;;;;;;;;;;;;x
d_kansi_free_company_adj;Kansi Free Company;;;;;;;;;;;;;x
d_burising_navigators;Burising Navigators;;;;;;;;;;;;;x
d_burising_navigators_adj;Burising Navigators;;;;;;;;;;;;;x
d_kangala_freebooter;Kangala Freebooters;;;;;;;;;;;;;x
d_kangala_freebooter_adj;Kangala Freebooters;;;;;;;;;;;;;x
d_lautah_company;Lautah Company;;;;;;;;;;;;;x
d_lautah_company_adj;Lautah Company;;;;;;;;;;;;;x
d_meralang_marauders;Meralang Marauders;;;;;;;;;;;;;x
d_meralang_marauders_adj;Meralang Marauders;;;;;;;;;;;;;x
d_volatra_defenders;Volatran Defenders;;;;;;;;;;;;;x
d_volatra_defenders_adj;Volatran Defenders;;;;;;;;;;;;;x
GLADIATOR;Champion;;;;;;;;;;;;;x
GLADIATOR_FOA;Champion;;;;;;;;;;;;;x
title_c_knightsdragon;Grant Knights Dragon;;;;;;;;;;;;;x
title_c_knightsdragon_desc;Name this individual as the Grandmaster of the Knights of the Dragon.;;;;;;;;;;;;;x